registered_charity_number,charity_name,income_donations_and_legacies,income,expenditure
1115413,INTERNATIONAL FINANCE FACILITY FOR IMMUNISATION COMPANY,1055921478,1059428626,171737027
299745,MOTABILITY,1047863000,1054593000,74872000
1076822,SAVE THE CHILDREN INTERNATIONAL,873210092,876468492,860421478
268369,THE CHARITIES AID FOUNDATION,654936000,706322000,683398000
1036733,THE ARTS COUNCIL OF ENGLAND,492132000,743138000,690403000
1089464,CANCER RESEARCH UK,423338640,656107415,703553315
1151815,AKO FOUNDATION,302394000,439773000,23628000
207544,ROYAL COMMONWEALTH SOCIETY FOR THE BLIND,217735000,261221000,250405000
209131,THE BRITISH COUNCIL,186701865,1288716795,1295819317
1178403,THE RAMSBURY MANOR FOUNDATION,185886000,185925000,2401000
209603,THE ROYAL NATIONAL LIFEBOAT INSTITUTION,178714000,199171000,172549000
261017,MACMILLAN CANCER SUPPORT,169013000,194889000,147803000
1140062,THE FRANCIS CRICK INSTITUTE LIMITED,160730000,164524000,189063000
1186569,ASSOCIATION OF NHS CHARITIES,157679000,158354000,51529000
220949,THE BRITISH RED CROSS SOCIETY,147200000,305900000,295300000
1074857,THE ARCHBISHOPS' COUNCIL,143714149,146473477,148270995
328158,ISLAMIC RELIEF WORLDWIDE,133157385,148990396,129491478
225971,BRITISH HEART FOUNDATION,132500000,336500000,356500000
1077961,WATCH TOWER BIBLE AND TRACT SOCIETY OF BRITAIN,132490597,144317948,99584773
1176080,THE DRUE HEINZ CHARITABLE TRUST,132205736,132234851,7371254
214779,THE SALVATION ARMY,130190000,240822000,235517000
207076,ROYAL SOCIETY FOR THE PROTECTION OF BIRDS,119016000,146914000,125042000
1187700,THE PRUDENCE TRUST,115797928,116376894,821126
234714,STEWARDSHIP SERVICES (UKET) LIMITED,114321000,119363000,123941000
209617,THE GUIDE DOGS FOR THE BLIND ASSOCIATION,107900000,125900000,111900000
1185976,COVENT GARDEN IP LTD,105086485,110200304,1379130
275946,THE KINGDOM HALL TRUST,104413082,104413082,4010790
227523,DOGS TRUST,103524761,111474980,97410672
202918,OXFAM,102900000,367400000,384600000
207994,MARIE CURIE,102364000,165604000,157006000
1072612,THE UNITED KINGDOM COMMITTEE FOR UNICEF,102078000,109368000,109280000
1105851,CHRISTIAN AID,99200000,106000000,113600000
219099,ROYAL SOCIETY FOR THE PREVENTION OF CRUELTY TO ANIMALS,97007000,116525000,140543000
1153551,UBS UK Donor-Advised Foundation,96875000,100847000,28958000
232492,RHODES TRUST - PUBLIC PURPOSES FUND,96661102,117680441,28840139
251988,THE GATSBY CHARITABLE FOUNDATION,94878000,105200000,61482000
216401,THE NATIONAL SOCIETY FOR THE PREVENTION OF CRUELTY TO CHILDREN,93518000,117602000,111314000
1099682,PRISM THE GIFT FUND,91177322,93635294,52560864
287780,THE BRITISH FILM INSTITUTE,90224000,113522000,124709000
213890,THE SAVE THE CHILDREN FUND,88443000,288730000,283161000
219279,THE ROYAL BRITISH LEGION,87117000,143114000,160970000
1139904,THE MASTER CHARITABLE TRUST,86745231,87899943,44211791
1149110,DENISE COATES FOUNDATION,85000000,88706774,9910052
265464,TEARFUND,83616000,85057000,85210000
296645,ALZHEIMER'S SOCIETY,82835000,113888000,113248000
802052,BBC CHILDREN IN NEED,82302016,85785774,58889421
205846,THE NATIONAL TRUST FOR PLACES OF HISTORIC INTEREST OR NATURAL BEAUTY,81656000,680952000,699355000
1160024,GREAT ORMOND STREET HOSPITAL CHILDREN'S CHARITY,80979000,91464000,78743000
1079020,SOUTHAMPTON ROW TRUST LIMITED,79488000,81937000,83242000
1185265,"NATIONAL OCEANOGRAPHY CENTRE",77588000,80573000,57585000
1079309,THE FOOTBALL FOUNDATION,71458588,73411025,60559798
326568,CHARITY PROJECTS,70904000,78029000,105552000
1164887,UK ONLINE GIVING FOUNDATION,69653835,71171256,71708883
285908,WORLD VISION UK,69460247,69579570,67249130
1081247,WWF - UK,69046000,80843000,78280000
1026588,MEDECINS SANS FRONTIERES (UK),68229492,72675269,69386612
1149740,JISC,67782000,184348000,174545000
1128267,AGE UK,67740000,130953000,136353000
327489,CHARITIES TRUST,65238470,67376920,46650378
1180640,THE ALBERT HUNT TRUST,63647677,65467252,2470444
208217,THE PEOPLE'S DISPENSARY FOR SICK ANIMALS,62703000,92168000,91343000
1091043,THE CHILDREN'S INVESTMENT FUND FOUNDATION (UK),61757650,75404150,298637562
1153376,NPT Transatlantic Limited,59089065,59960721,44857975
1079675,THE PRINCE'S TRUST,57508000,75946000,77302000
266518,AGA KHAN FOUNDATION (UNITED KINGDOM),56552000,58989000,45038000
288701,WATERAID,55488000,91261000,95047000
211775,ROYAL OPERA HOUSE COVENT GARDEN FOUNDATION,54035000,118016000,127509000
1110538,PAYPAL GIVING FUND UK,53093700,53094529,52839946
1082947,CRISIS UK,52510000,63419000,54000000
226227,THE ROYAL NATIONAL INSTITUTE OF BLIND PEOPLE,51888000,95932000,92866000
1163457,THE SEQUOIA TRUST,51875000,51938761,4731731
203644,CATS PROTECTION,50668000,71972000,66473000
206394,BATTERSEA DOGS' AND CATS' HOME,50483014,52713469,43603226
326840,THE GOSLING FOUNDATION LIMITED,50000000,53579612,747773
1102949,AHMADIYYA MUSLIM JAMAAT INTERNATIONAL,48484000,48484000,32142000
1164358,THE ORMISTON TRUST,48216000,275480000,251466000
251549,ELIM FOURSQUARE GOSPEL ALLIANCE,47685742,65939956,62948822
1077216,COMPASSION UK CHRISTIAN CHILD DEVELOPMENT,46549000,46809000,46404000
1000851,AMANAT CHARITY TRUST,45233689,46500110,48153815
205533,NUFFIELD HEALTH,45100000,779900000,872300000
1000566,THE SALVATION ARMY INTERNATIONAL TRUST,43018000,53441000,52969000
1184013,RNLI LIFESAVING ENDOWMENT,42319000,42418000,30000
216250,BARNARDO'S,41877000,296448000,297870000
263710,"SHELTER, NATIONAL CAMPAIGN FOR HOMELESS PEOPLE LIMITED",41049000,73008000,72560000
1137208,THE PREMIER LEAGUE CHARITABLE FUND,40361322,40506078,34581039
1149889,CARIBBEAN BIODIVERSITY FUND,39396450,41590807,7210441
274467,ACTIONAID,39251141,50313117,49126097
287785,THE SHAW TRUST LIMITED,39075000,223123000,217533000
1077089,ALZHEIMER'S RESEARCH UK,37979783,40826465,39770767
278387,ACHISOMOCH AID COMPANY LIMITED,37211770,37276880,37158080
242451,THE CHURCH OF JESUS CHRIST OF LATTER-DAY SAINTS (GREAT BRITAIN),37043000,38148000,48741000
1005541,PROSTATE CANCER UK,35368000,36016000,30618000
241083,THE LONDON DIOCESAN FUND,35300000,44400000,47200000
1034245,CYNGOR CELFYDDYDAU CYMRU,34267000,52361000,49099000
1160384,CATHOLIC AGENCY FOR OVERSEAS DEVELOPMENT,33667000,45443000,45931000
258197,PARKINSON'S DISEASE SOCIETY OF THE UNITED KINGDOM,33068000,36316000,28541000
1046769,THE SIGRID RAUSING TRUST,33031824,33128713,34272734
257516,THE GRACE TRUST,32919550,127452335,107124438
525774,"NATIONAL MUSEUM OF WALES",32656000,38342000,32529000
1105056,MUSLIM HANDS,32424371,32458760,27653563
264818,THE DONKEY SANCTUARY,32411000,36962000,42519000
1179589,UK DRI LTD,32174834,32200278,30576206
1095197,THE ROYAL MARSDEN CANCER CHARITY,32136000,33157447,42625774
257615,THE GERSHON COREN CHARITABLE FOUNDATION ALSO KNOWN AS THE MURIEL AND GUS COREN CHARITABLE FOUNDATION,31731629,31974538,532619
1128341,PENNY APPEAL,31485948,31500017,30906894
1081849,WORLD ANIMAL PROTECTION,31222000,31372000,31279000
224223,THE ROYAL NATIONAL THEATRE,30900000,106900000,114800000
1187301,QUADRATURE CLIMATE FOUNDATION,30818928,30818964,24326203
215199,THE BRITISH DIABETIC ASSOCIATION,30463000,37655000,36661000
216647,INTERNATIONAL BIBLE STUDENTS ASSOCIATION,29974428,69242184,72514989
1105319,THE AGAINST MALARIA FOUNDATION,29602038,30941829,52243903
1142413,THE BADUR FOUNDATION,29596328,29653967,557756
1183715,THE YUSUF AND FARIDA HAMIED FOUNDATION,29245462,29245462,28785165
224392,BLUE CROSS,28908000,36049000,35900000
801518,THE BARRY AND PEGGY HIGH FOUNDATION,28300000,28457308,203613
800058,UNITED BIBLE SOCIETIES ASSOCIATION,28068698,35454489,31565759
1125383,THE ROYAL ACADEMY OF ARTS,27958536,45324508,37784073
1162536,BREAKTHROUGH FOUNDATION,27451703,27466936,25552629
1139224,MOONDANCE FOUNDATION,27090000,43511845,15901352
1153537,UBS OPTIMUS FOUNDATION UK,26570686,26642585,25809349
219830,MIND (THE NATIONAL ASSOCIATION FOR MENTAL HEALTH),26467000,58279000,59949000
233699,WESTMINSTER ROMAN CATHOLIC DIOCESAN TRUST AND OTHER TRUST FUNDS ADMINISTERED BY THE WESTMINSTER ROMAN CATHOLIC DIOCESAN TRUSTEE,26356000,54037000,50086000
313757,VOLUNTARY SERVICE OVERSEAS,25810000,60186000,61948000
1077265,THE PRIORY OF ENGLAND AND THE ISLANDS OF THE MOST VENERABLE ORDER OF THE HOSPITAL OF ST. JOHN OF JERUSALEM,25800000,92300000,99200000
802559,JEWISH CARE,25559000,62033000,61356000
299081,AHMADIYYA MUSLIM ASSOCIATION UNITED KINGDOM,25402444,25402444,20308408
276035,PLAN INTERNATIONAL UK,25385000,62609000,59185000
1184946,STANDARD CHARTERED FOUNDATION,25215594,25225936,6262726
1120878,THE DAVID AND CLAUDIA HARDING FOUNDATION,25000000,25006239,585769
1176805,HAND IN HAND FOR AID AND DEVELOPMENT,24667319,24667319,20170901
211015,STROKE ASSOCIATION,24275000,35618000,38493000
1100277,RUGBY FOOTBALL FOUNDATION,24105296,24523496,25079835
1154288,HUMAN APPEAL,24093343,29679055,26044751
327114,LLOYDS BANK FOUNDATION FOR ENGLAND & WALES,23862692,24608006,28203826
1016532,THE NATIONAL DEAF CHILDREN'S SOCIETY,23600000,24327000,28079000
292411,CENTREPOINT SOHO,23448000,44379000,38890000
242552,UNITED SYNAGOGUE,23437000,41587000,37662000
298909,SOUTHBANK CENTRE,23212000,60421000,55040000
1160558,BREAST CANCER NOW,23002000,40037000,39651000
1160919,THE JAMES AND DEIRDRE DYSON TRUST,22863625,22987862,487317
1098106,RELIEF INTERNATIONAL UK,22509245,82269447,84142954
1009195,THE PEARS FAMILY CHARITABLE FOUNDATION,22471574,22607202,21525423
1023523,MORLEY COLLEGE LIMITED,22009000,38618012,19046000
1180244,CLEARLY INITIATIVES,22000000,22005000,2266869
1123956,GOLDMAN SACHS GIVES (UK),21878097,23358870,19218542
1107328,CLIC SARGENT CANCER CARE FOR CHILDREN,21694000,31421000,26794000
1120920,HELP FOR HEROES,21558942,24418141,30803674
207711,VERSUS ARTHRITIS,21509000,25244000,49131000
1140844,THE BRITISH MUSEUM TRUST LIMITED,21479888,21480898,53111
1101332,UK BIOBANK LIMITED,21478736,35193599,39174728
1111806,VIRUNGA FOUNDATION,21306751,25895875,17044262
1164703,MASONIC CHARITABLE FOUNDATION,21255000,88671000,89108000
1097110,Heart of England Forest,21103000,25335000,3180000
1045587,SOUTH ENGLAND CONFERENCE OF SEVENTH DAY ADVENTISTS,20670356,21580370,19389069
249678,THE SOUTH LONDON CHURCH FUND AND SOUTHWARK DIOCESAN BOARD OF FINANCE,20611000,25278000,23904000
1058226,MISSION AVIATION FELLOWSHIP INTERNATIONAL,20502403,29569107,27138317
1085760,THE BROOKE HOSPITAL FOR ANIMALS,19823669,20079770,23113167
1182500,BNA CHARITABLE INCORPORATED ORGANISATION,19818533,19904701,671136
1101490,BRITISH FRIENDS OF YAD MORDEKHAI,19673475,19673491,185523
249505,THE CHELMSFORD DIOCESAN BOARD OF FINANCE,19623000,23022000,23270000
215174,THE SALVATION ARMY SOCIAL WORK TRUST,19462000,160430000,169651000
247954,THE OXFORD DIOCESAN BOARD OF FINANCE,19414000,26065000,29862000
1133373,UNITED REFORMED CHURCH TRUST,19377000,23254000,22923000
1155876,LEEDS DIOCESAN BOARD OF FINANCE,19359000,22995000,22802000
1162201,FOUNDERS FOR GOOD LTD,19291019,19764366,9842428
1105500,GRESHAM'S SCHOOL,19174000,35136000,16530000
1031031,CHRISTIAN VISION,19100000,36766053,18326004
294354,MOTOR NEURONE DISEASE ASSOCIATION,18720000,19911000,15583000
1097940,ACTION FOR CHILDREN,18712000,147667000,147851000
1052076,SUE RYDER,18657000,112017000,115316000
1126808,AL-KHAIR FOUNDATION,18651461,20579377,18641473
210183,WELLCOME TRUST,18522483,463593136,1184381848
1133206,HUO FAMILY FOUNDATION (UK) LIMITED,18353637,18949771,6305766
1150458,THE PROFESSIONAL FOOTBALLERS' ASSOCIATION CHARITY,18001033,20457970,21700511
1017336,THE ELTON JOHN AIDS FOUNDATION,17554339,19082899,14930534
269425,THE NATIONAL AUTISTIC SOCIETY,17545000,104021000,103068000
1173050,ROMAN CATHOLIC ARCHDIOCESE OF SOUTHWARK,17502336,23542086,26032898
1139257,MULTIPLE SCLEROSIS SOCIETY,17329000,20487000,23460000
216227,BLIND VETERANS UK,17250000,28129000,42210000
291834,UNITED TALMUDICAL ASSOCIATES LTD,17184157,17184157,17677342
1139086,THE KYNGE'S COLLEGE OF OUR LADYE OF ETON BESYDE WINDESORE,17143000,77979000,83421000
1080999,SHELL FOUNDATION,16993458,24291362,34456292
1093910,GAMBLEAWARE,16876808,16982673,19626268
222879,THE ROYAL HORTICULTURAL SOCIETY,16816000,102136000,93657000
1137948,MOVEMBER EUROPE,16684280,18049981,14909390
1125684,OPEN DOORS WITH BROTHER ANDREW,16651466,16761021,15874352
1146219,The Auckland Project,16579838,17988533,10295773
1024806,INTERNATIONAL FUND FOR ANIMAL WELFARE (IFAW),16497423,16651939,16361077
1139250,MUSEUM OF LONDON,16379000,37951000,41303000
1098100,OASIS INTERNATIONAL ASSOCIATION,15947000,217409000,240346000
1103669,THE GURKHA WELFARE TRUST,15905000,25259000,22504000
1168223,GATSBY AFRICA,15896000,16135000,15904000
1141155,GIRL EFFECT,15886516,17327620,16266766
1092935,BARNABAS FUND,15840529,15850613,16551797
221124,CHURCH OF ENGLAND CHILDREN'S SOCIETY,15785000,37525000,52557000
1182006,THE CINQUEFOIL TRUST,15683951,16025523,173727
1112540,ENGLAND AND WALES CRICKET TRUST,15650000,16817884,12900669
228824,THE PIRBRIGHT INSTITUTE,15449000,60079000,45579000
802142,JOHN SWIRE 1989 CHARITABLE TRUST,15437281,17342274,1565459
1176462,MUSLIM AID,15343454,19977571,19753020
1157301,THE GAUDIO FAMILY FOUNDATION (UK) LIMITED,15258457,15411585,5239935
1079049,CYSTIC FIBROSIS TRUST,15196000,16527000,16500000
313001,THE SOUTHWARK DIOCESAN BOARD OF EDUCATION (INCORPORATED),15158835,17278524,6441654
207720,THE ROYAL NATIONAL INSTITUTE FOR DEAF PEOPLE,15153000,42702000,41509000
1149828,CENTRE FOR EFFECTIVE ALTRUISM,15022831,15521709,8585677
1179135,THE INSTITUTE OF ISMAILI STUDIES,14936836,14937928,15256431
1049751,THE CHRISTIE CHARITABLE FUND,14928292,15325890,41555563
1051681,AMNESTY INTERNATIONAL UK SECTION CHARITABLE TRUST,14922000,19488000,19982000
1169698,COUNTY HALL ARTS,14790889,21158570,581889
243134,THE CHICHESTER DIOCESAN FUND AND BOARD OF FINANCE (INCORPORATED),14695000,17831000,17707000
1165054,TELLES FOUNDATION,14654000,14667300,14199127
1109476,THE BORDER CONSORTIUM,14640590,14671780,14193170
266220,THE THALIDOMIDE TRUST,14605000,28464000,32315000
208231,SCOPE,14576000,41051000,45034000
208223,THE ROYAL INSTITUTE OF INTERNATIONAL AFFAIRS,14569000,28897000,19123000
1163706,AL-AYN SOCIAL CARE FOUNDATION,14554371,14615575,14013959
1097217,CHRISTIANS AGAINST POVERTY,14325000,15360000,14246000
306101,THE SCOUT ASSOCIATION,14224000,53542000,54848000
1120355,HILLSONG CHURCH LONDON,14169836,14703388,12541768
1169061,NMRN OPERATIONS,13979770,22715854,17575217
1163459,THE JAGCLIF CHARITABLE TRUST,13902389,34512960,7413418
1079688,THE JOHN ARMITAGE CHARITABLE TRUST,13876174,14097757,3248536
1062559,TEENAGE CANCER TRUST,13785761,15628165,14963752
249740,THE LIVERPOOL DIOCESAN BOARD OF FINANCE,13781764,15123269,13622485
1080418,QUARTET COMMUNITY FOUNDATION,13762209,13956133,5315824
1081009,THE ROYAL AIR FORCE BENEVOLENT FUND,13721000,19138000,31135000
1096479,SHELTERBOX TRUST,13644000,13977000,11460000
298405,CHILDREN WITH CANCER UK,13583698,13762005,15342172
1095322,ABSOLUTE RETURN FOR KIDS (ARK),13488000,13687000,16057000
1143118,MIDLANDS AIR AMBULANCE CHARITY,13456000,14594000,10879000
267618,THE WESTMINSTER FOUNDATION,13414873,13420934,13485207
1175245,LAIDLAW FOUNDATION,13334894,13334894,5336264
1183478,ALLAN & GILL GRAY PHILANTHROPY,13324871,13324871,12588193
511726,OPERA NORTH LIMITED,13308904,17744074,18420652
1107737,FUSION LIFESTYLE,13251000,48695000,66877000
1075032,THE NATIONAL FOUNDATION FOR YOUTH MUSIC,13209860,13320417,10954965
248887,THE ST ALBANS DIOCESAN BOARD OF FINANCE,13209000,25738000,21977000
281942,THE GRAND CHARITY,13199000,13477000,13236000
243877,GLYNDEBOURNE PRODUCTIONS LIMITED,13185229,16144075,17027754
1113064,THE FEBRUARY FOUNDATION,13161105,17207218,12820728
1100051,FARESHARE,13156000,16084000,14319000
216032,BLOODWISE,13041000,14461000,10731000
222377,ROYAL MENCAP SOCIETY,12957000,220240000,212820000
1040756,PLACE2BE,12953000,23184000,18375000
221538,WELSH NATIONAL OPERA LIMITED,12940000,15816000,18147000
1043985,THE UNIVERSAL CHURCH OF THE KINGDOM OF GOD,12916512,14359249,14298093
1094561,UNIVERSITY OF PENNSYLVANIA (USA) FOUNDATION LIMITED,12841739,12860309,12912033
1127633,BRITAIN YEARLY MEETING OF THE RELIGIOUS SOCIETY OF FRIENDS (QUAKERS),12810000,16087000,12026000
214005,ENGLISH NATIONAL BALLET,12769000,24206000,21830000
1110522,THE TRUSSELL TRUST,12750000,21330000,13985000
1064598,MISSION AVIATION FELLOWSHIP UK,12634000,12651000,12264000
1143083,BOCHASANWASI SHRI AKSHAR PURUSHOTTAM SWAMINARAYAN SANSTHA,12621165,12772394,5904180
1149085,ST MUNGO COMMUNITY HOUSING ASSOCIATION,12552000,106985000,108793000
1184658,MICHAEL AND SARAH SPENCER FOUNDATION,12508043,12513290,12424941
1179779,KEN DODD CHARITABLE FOUNDATION,12500000,12890623,851937
1128536,STREET CHILD,12475749,13736374,12017606
1186533,TUSK TRUST LIMITED,12423382,12736409,12221285
1000580,SHAUKAT KHANUM MEMORIAL TRUST,12360566,12360566,10609136
248245,GUILDFORD DIOCESAN BOARD OF FINANCE,12359000,14329000,13551000
1093861,INTERNATIONAL MEDICAL CORPS (UK),12329438,96625428,104055918
1076356,THE LEPROSY MISSION INTERNATIONAL,12267007,14794916,14720107
1117535,THE WATERLOO FOUNDATION,12256500,17775166,14098787
1171510,BRITISH FRIENDS OF THE ART MUSEUMS OF ISRAEL,12249861,13036623,1062403
1181098,THE NATASHA ALLERGY RESEARCH FOUNDATION,12215121,12227171,667650
1143166,THE COLLEGE OF ST PETER LE BAILEY IN THE UNIVERSITY OF OXFORD,12157000,18840000,8380000
1186893,THE SCOPS ARTS TRUST,12147560,12244458,760182
232759,THE BRITISH AND FOREIGN BIBLE SOCIETY,12003000,20239000,21314000
310007,ROYAL ACADEMY OF MUSIC,11994730,26161693,24962790
248968,THE CHESTER DIOCESAN BOARD OF FINANCE,11877000,14481000,15446000
1168183,THE FELIX PROJECT,11746861,12360190,3633108
244708,ROYAL AIR FORCE MUSEUM,11676000,15688000,16924000
219432,SAMARITANS,11646717,20573833,19142796
1132048,THE ROYAL FOUNDATION OF THE DUKE AND DUCHESS OF CAMBRIDGE,11622405,11823392,9156411
1126147,THE ACCESS TO JUSTICE FOUNDATION,11597557,11598573,11113651
228089,MUSICIANS BENEVOLENT FUND,11545000,12615000,22862000
1000340,FREEDOM FROM TORTURE,11422655,12811854,10147200
1128056,THE MILL CHARITABLE TRUST,11406595,11407313,3642963
234216,BIRMINGHAM DIOCESAN TRUST,11294000,19486000,23853000
1095050,COMPASSION IN WORLD FARMING INTERNATIONAL,11286599,11573504,11270663
267510,THE KASNER CHARITABLE TRUST,11240000,11472353,8346606
249276,WINCHESTER DIOCESAN BOARD OF FINANCE,11212000,13525000,12470000
249798,THE EXETER DIOCESAN BOARD OF FINANCE,11209000,16507000,14265000
1168375,ILLUMINATED RIVER FOUNDATION,11184613,11184613,6232324
1160373,THE POWER OF NUTRITION,11178841,11258700,25258260
247257,PRACTICAL ACTION,11124000,36072000,37863000
290766,THE GREAT BRITAIN SASAKAWA FOUNDATION,11120996,11803469,1181193
1086179,ALPHA INTERNATIONAL,11080777,11710406,11068282
528752,RUGBY SCHOOL,11060000,48187000,37678000
1097984,AID TO THE CHURCH IN NEED (UNITED KINGDOM),10934319,11304101,9766306
1181775,THE WELLAND TRUST,10928520,11019822,799087
247647,THE BLACKBURN DIOCESAN BOARD OF FINANCE LIMITED,10848000,12852000,11618000
1029161,CAMFED INTERNATIONAL,10846430,61655929,31739328
246871,PORTSMOUTH ROMAN CATHOLIC DIOCESAN TRUST (TRUST PROPERTY),10843558,14209245,14296128
1186189,BELRON RONNIE LUBNER CHARITABLE FOUNDATION,10830303,10830317,1809236
298348,WOOD GREEN ANIMAL SHELTERS,10794000,15023000,15773000
240833,THE SALISBURY DIOCESAN BOARD OF FINANCE,10725000,13011000,14524000
1133793,THE PAROCHIAL CHURCH COUNCIL OF THE ECCLESIASTICAL PARISH OF HOLY TRINITY WITH SAINT PAUL ONSLOW SQUARE AND SAINT AUGUSTINE SOUTH KENSINGTON,10697200,11706047,9796689
1039404,DEMENTIA UK,10653513,10894052,8839830
1107507,AFRICAN AGRICULTURAL TECHNOLOGY FOUNDATION,10528594,11926959,10748902
282303,THE WORLD FEDERATION OF KHOJA SHIA ITHNA-ASHERI MUSLIM COMMUNITIES,10506386,10539908,11459908
1097482,CATHOLIC TRUST FOR ENGLAND AND WALES,10436499,13377674,11944830
249398,THE BATH AND WELLS DIOCESAN BOARD OF FINANCE,10410000,13712000,15909000
292506,CARE INTERNATIONAL UK,10360000,73877000,71117000
1150054,THE BRAIN TUMOUR CHARITY,10356000,11308000,12560000
1089490,HOPE AND HOMES FOR CHILDREN,10350515,12146799,10277321
1144812,ORPHANS IN NEED,10349619,10377107,10973037
249403,THE BIRMINGHAM DIOCESAN BOARD OF FINANCE,10343000,12256000,10990000
248502,THE BRISTOL DIOCESAN BOARD OF FINANCE LIMITED,10221000,13971000,9564000
289868,"SENSE, THE NATIONAL DEAFBLIND AND RUBELLA ASSOCIATION",10156897,69873705,69471916
1176141,LEHACHZIKOM,10119534,10119534,9927157
249972,CANTERBURY DIOCESAN BOARD OF FINANCE,10107000,12517000,11274000
234025,SHREWSBURY ROMAN CATHOLIC DIOCESAN TRUST,10098000,14241000,15923000
1124127,CATCH 22 CHARITY LIMITED,10086000,53204000,46722000
327751,THE MACKINTOSH FOUNDATION,10084187,10132903,1754899
1107827,THE LICHFIELD DIOCESAN BOARD OF FINANCE (INCORPORATED),10062000,16557000,17470000
249339,THE ROCHESTER DIOCESAN SOCIETY AND BOARD OF FINANCE,10046000,11795000,12939000
265543,MSI REPRODUCTIVE CHOICES,10036000,294440000,288101000
1152058,THE CYRIL TAYLOR CHARITABLE FOUNDATION,10024353,10210970,2283502
1183218,THE HOSKING CHARITABLE TRUST,10005000,10070368,38229
1170045,THE MOHN WESTLAKE FOUNDATION,10000000,23877198,18492995
244976,THE YORK DIOCESAN BOARD OF FINANCE LIMITED,9999000,13513000,14368000
314179,TEL AVIV UNIVERSITY TRUST,9986443,9986443,9968859
800077,THE PIERREPONT TRUST,9967282,10054160,78048
1184325,IGLESIA NI CRISTO (CHURCH OF CHRIST),9930669,10006664,8488812
1141259,THE MASTER AND FELLOWS OF THE COLLEGE OF THE GREAT HALL OF THE UNIVERSITY COMMONLY CALLED UNIVERSITY COLLEGE IN THE UNIVERSITY OF OXFORD,9930000,21901000,15554000
210760,"THE SOLDIERS, SAILORS, AIRMEN AND FAMILIES ASSOCIATION - FORCES HELP",9915000,34479000,32887000
307992,NORWOOD SCHOOLS LTD,9884000,31013000,30125000
1050327,"THE LEPROSY MISSION ENGLAND, WALES, THE CHANNEL ISLANDS AND THE ISLE OF MAN",9857693,9989434,7680630
1044071,BRITISH UNION CONFERENCE OF SEVENTH-DAY ADVENTISTS,9794069,15500086,12415680
326730,Asthma and Lung UK,9787000,20089000,10791000
1165398,UNIVERSITY COLLEGE LONDON HOSPITALS CHARITY,9774000,21938000,22669000
250275,THE UNITED KINGDOM ISLAMIC MISSION,9760819,10249220,7525517
1122062,BAUER RADIO'S CASH FOR KIDS CHARITIES,9733911,12938461,12020239
1156200,ONE NATION,9690306,9690306,9110470
1146420,ABF THE SOLDIERS' CHARITY,9687837,14777335,18113990
1126075,FRIENDS OF MERCAZ HATORAH BELZ MACNIVKA,9683832,9683832,9723152
288467,DUCHESNE TRUST,9654455,10718232,6142199
1174882,CHURCH REVITALISATION TRUST,9613896,9636113,7203250
1110114,DAWAT-E-ISLAMI UK,9611670,9614207,8967536
1059050,NORWOOD RAVENSWOOD,9603000,31234000,33169000
252878,ARUNDEL AND BRIGHTON DIOCESAN TRUST,9594000,13870000,14272000
1141565,BANGOR UNIVERSITY,9591000,147696000,136620000
1132208,THE METHODIST CHURCH IN GREAT BRITAIN,9558000,44364000,44353000
209015,THE SOCIETY FOR THE PROTECTION OF ANIMALS ABROAD,9539168,10017387,7960014
287610,PREMIER CHRISTIAN MEDIA TRUST,9519263,13969664,13878265
1008196,OPERATION MOBILISATION,9494558,10004757,9293455
1144606,ST. JAMES'S PLACE CHARITABLE FOUNDATION,9480869,9541146,11175305
1061012,BIRMINGHAM ROYAL BALLET,9465680,15488313,15560200
1045501,NORTH ENGLAND CONFERENCE OF SEVENTH-DAY ADVENTISTS,9423657,9604148,9988822
299128,UNITED CHRISTIAN BROADCASTERS LIMITED,9391020,9577272,7445590
1092236,CONCERN WORLDWIDE (UK),9390171,34468633,33685242
802047,RONALD MCDONALD HOUSE CHARITIES (UK),9363000,11581000,9686000
1107385,DEPAUL INTERNATIONAL,9344000,44206000,41678000
234092,BRENTWOOD ROMAN CATHOLIC DIOCESAN TRUST,9332591,12691776,12845608
1126283,THE NATIONAL MUSEUM OF THE ROYAL NAVY,9313000,18730000,18685000
700520,SHEFFIELD CITY TRUST,9290000,40184000,41710000
248287,THE DURHAM DIOCESAN BOARD OF FINANCE,9262861,12253197,10322816
1173961,THE COMMUNITY OF ST JOHN BAPTIST GENERAL PURPOSES CIO,9250706,9599584,1075184
293358,HEARING DOGS FOR DEAF PEOPLE,9199195,10392467,9854791
209691,BRITISH FRIENDS OF THE HEBREW UNIVERSITY OF JERUSALEM,9184631,9808882,9510303
803716,ANTHONY NOLAN,9140000,55389000,55260000
1130866,"THE PAROCHIAL CHURCH COUNCIL OF THE ECCLESIASTICAL PARISH OF ST MICHAEL LE BELFREY WITH ST CUTHBERT, YORK",9136653,9247848,1225695
1140898,BRISTOL MUSIC TRUST,9135728,11171572,10108753
266120,THE PORTRACK CHARITABLE TRUST,9111284,9298097,940365
801130,THE MENTAL HEALTH FOUNDATION,9007173,12606124,6501247
218186,LEONARD CHESHIRE DISABILITY,9006000,151631000,166333000
1091263,THE LONDON COMMUNITY FOUNDATION,8966000,10064000,10405000
1058162,CHRISTIAN BLIND MISSION (UNITED KINGDOM) LIMITED,8908455,8980039,9426497
1098874,THE AIR AMBULANCE SERVICE,8900000,25375000,23229000
1137542,THE COLLEGE OF ST MARY MAGDALENE IN THE UNIVERSITY OF CAMBRIDGE,8870149,19749366,10310010
1147994,THE TRUELL CONSERVATION FOUNDATION,8808641,8858219,228471
249318,THE NORWICH DIOCESAN BOARD OF FINANCE LIMITED,8757000,12287000,12315000
1053055,MERCY SHIPS - U.K LTD,8742017,8762860,8407081
1068911,REDWINGS HORSE SANCTUARY,8730678,10320546,12291444
1001957,We Are With You,8654000,63524000,63681000
1039651,DEMELZA HOUSE CHILDRENS HOSPICE,8605693,16682435,11628274
1076235,BBC MEDIA ACTION,8601000,40809000,41714000
1138145,THE ROTHSCHILD FOUNDATION,8594000,46338675,38432192
284934,GREENPEACE ENVIRONMENTAL TRUST,8570766,10609674,10591940
250851,"NATIONAL SPIRITUAL ASSEMBLY OF THE BAHA'IS OF THE UNITED KINGDOM",8489041,9001382,7388146
1102909,THE CLIMATE CHANGE ORGANISATION,8459137,11353534,9571138
1105998,KKL CHARITY ACCOUNTS,8446415,8770829,8506394
1116598,TCHABE KOLLEL LIMITED,8445562,8445562,8315324
1183697,CLEAN AIR FUND,8393269,8454720,5579527
1142111,THE EDUCATION ENDOWMENT FOUNDATION,8380674,8949067,21117869
1130306,ELLEN MACARTHUR FOUNDATION,8281000,12510000,11574000
1168973,THE NORMANDY MEMORIAL TRUST LTD,8209179,8215621,311255
245861,SHEFFIELD DIOCESAN BOARD OF FINANCE,8196283,9559069,9705991
232709,LIVERPOOL ROMAN CATHOLIC ARCHDIOCESAN TRUST,8157055,20412569,28027228
250840,MACINTYRE CARE,8134000,69077000,62732000
1093070,THE EDEN TRUST,8131000,32987000,32959000
1078808,THE CALLEVA FOUNDATION,8125000,8188639,8494653
1112477,ASSER BISHVIL FOUNDATION,8117567,8345447,8360529
210667,ST CHRISTOPHERS HOSPICE,8098000,22850000,22887000
1123916,PRINCETON CHARITABLE FOUNDATION LIMITED,8080779,8080798,7258640
1134421,WORLD MISSION AGENCY - WINNERS CHAPEL INTERNATIONAL,8080220,8938724,9753240
1003314,CHILDREN'S HOSPICE SOUTH WEST,8035093,15773061,15083201
1160490,ISLAMIC HELP,8032859,8467477,8268160
1000739,WORLD CANCER RESEARCH FUND,8015701,8865663,8813912
1134449,NOTTINGHAM ROMAN CATHOLIC DIOCESAN TRUSTEES,8003000,10483000,11466000
293072,THE OXFORD CENTRE FOR  ISLAMIC STUDIES,7984730,9919205,4638589
1060078,UNITED JEWISH ISRAEL APPEAL,7980740,8213844,8523670
1159699,ACCESS - THE FOUNDATION FOR SOCIAL INVESTMENT,7971000,9568000,8884000
1185618,UK CENTRE FOR ECOLOGY & HYDROLOGY,7942000,62076000,50722000
1083876,EAST ANGLIAN AIR AMBULANCE,7920787,14834608,13021358
250306,NEW TESTAMENT CHURCH OF GOD,7885722,8823511,8013789
1114748,THE SMILE TRAIN UK,7884782,7910444,7309581
281681,FRIENDS OF THE EARTH CHARITABLE TRUST,7876822,10124959,9758050
1159415,ERICA LAWSON CHARITABLE TRUST,7852597,7876922,240846
1143450,DIOCESE OF HEXHAM AND NEWCASTLE,7798757,11569057,12267756
297540,THE VIRGIN FOUNDATION,7785000,7785000,14094000
206002,COMBAT STRESS,7784000,10244000,14606000
1174364,THE BAPTIST MISSIONARY SOCIETY,7782000,8496000,8299000
242452,THE LLANDAFF DIOCESAN BOARD OF FINANCE,7766984,8734178,9074405
1084361,KENT COMMUNITY FOUNDATION,7765643,8669116,4518496
251234,THE GLOUCESTER DIOCESAN BOARD OF FINANCE,7761000,10902000,11785000
249359,SOUTHWELL AND NOTTINGHAM DIOCESAN BOARD OF FINANCE,7731000,10932000,10396000
1084305,YORKSHIRE AIR AMBULANCE LIMITED,7727452,8305879,5048209
700510,COMMUNITY FOUNDATION SERVING TYNE & WEAR AND NORTHUMBERLAND,7695759,12691662,8118615
1139261,LINCOLN COLLEGE OXFORD,7690000,15404000,11486000
248919,ST EDMUNDSBURY AND IPSWICH DIOCESAN BOARD OF FINANCE,7671000,9256000,9214000
1082139,THOMSON REUTERS FOUNDATION,7661000,12602000,11391000
1053992,ST VINCENT DE PAUL SOCIETY (ENGLAND AND WALES),7631557,13986541,11000148
1180943,THE GREGYNOG TRUST,7623730,8297924,838229
1142898,THE ALEXANDER MOSLEY CHARITABLE TRUST,7619973,7982592,14451926
1015988,ROYAL VOLUNTARY SERVICE,7605000,53751000,58914000
249404,LEEDS DIOCESAN TRUST,7579000,11304000,11888000
256789,ST. BARNABAS HOSPICES (SUSSEX) LTD,7551000,16995000,20196000
1017501,THE LINCOLNSHIRE AND NOTTINGHAMSHIRE AIR AMBULANCE CHARITABLE TRUST,7547236,11779332,6375271
1022119,Havens Hospices,7544000,14751000,10539000
1078584,MORESHET HATORAH LTD,7517460,7572030,7561471
294807,DAWAT-E-HADIYAH TRUST (UNITED KINGDOM),7510175,8699706,4826042
1113061,THE GENERATION FOUNDATION,7490034,7524322,11703992
1176221,JACK PETCHEY FOUNDATION,7486213,7491980,6789014
1133295,CORNWALL AIR AMBULANCE TRUST,7457774,8230644,4444203
208728,THE ZOOLOGICAL SOCIETY OF LONDON,7454000,66865000,71068000
313121,AHAVATH CHESSED CHARITABLE ASSOCIATION LIMITED,7448546,7450867,6081549
1137456,THE MASTER FELLOWS AND SCHOLARS OF EMMANUEL COLLEGE IN THE UNIVERSITY OF CAMBRIDGE,7447050,20928017,14216726
1136729,KING'S COLLEGE LONDON STUDENTS' UNION,7368818,9977248,10234478
1128090,THE OUTWARD BOUND TRUST,7357981,13192942,13605997
306077,THE NORTH OF ENGLAND ZOOLOGICAL SOCIETY,7349000,36095000,36006000
310033,"THE KEEPERS AND GOVERNORS OF THE POSSESSIONS, REVENUES AND GOODS OF THE FREE GRAMMAR SCHOOL OF JOHN LYON, WITHIN THE TOWN OF HARROW-ON-THE-HILL",7340000,60409000,54752000
266780,THE ARCHITECTURAL HERITAGE FUND,7336659,7948034,5896677
1151066,JEWISH FUTURES TRUST LIMITED,7311329,9422655,7639546
250569,THE PETERBOROUGH DIOCESAN BOARD OF FINANCE,7309117,9795913,9773387
296097,THE HARROW DEVELOPMENT TRUST,7286267,7296801,7880494
1152262,IMPETUS - THE PRIVATE EQUITY FOUNDATION,7260214,13146580,24938564
1140972,UK TOREMET LIMITED,7242051,7317441,7132004
1140351,THE ENGLISH HERITAGE TRUST,7230000,126946000,121337000
1083645,WELSH AIR AMBULANCE CHARITABLE TRUST,7230000,14516000,11048000
209174,"NATIONAL ART COLLECTIONS FUND",7220000,14470000,18067000
1168427,POLICE NOW,7200000,13322368,10167706
249256,PORTSMOUTH DIOCESAN BOARD OF FINANCE,7175124,9772687,8541471
1161516,LEMPRIERE PRINGLE 2015,7174478,21600381,23809467
1173124,C40 CITIES CLIMATE LEADERSHIP,7160199,7164140,8230428
1060508,TOMMY'S,7130679,8071901,9003758
1118525,INTOUNI,7120985,7556625,7196130
1069284,EAST ANGLIA'S CHILDREN'S HOSPICES,7117016,15267296,13431192
1176848,SASC TRUST,7100000,7113179,30690
1098294,TEACH FIRST,7091000,56526000,56433000
245456,THE ELY DIOCESAN BOARD OF FINANCE,7040000,10292000,10750000
251233,WYCLIFFE UK LIMITED,7036536,7185126,7828354
1143525,Y COLEG CYMRAEG CENEDLAETHOL,7027000,7118000,6733000
1170583,THE FYRISH FOUNDATION,7000000,7654237,787026
1185591,SUSTAINABILITY. HEALTH. ENVIRONMENT. DEVELOPMENT.,7000000,7001078,2476961
1136612,LIFE GENERATION LIMITED,6990907,7183647,2444669
1137455,DOWNING COLLEGE IN THE UNIVERSITY OF CAMBRIDGE,6989777,17081994,12699330
1185768,BALQEES WELFARE FOUNDATION,6962442,6962442,4669165
249100,THE LEICESTER DIOCESAN BOARD OF FINANCE,6954000,9639000,12104000
216726,THE BRITISH ACADEMY OF FILM AND TELEVISION ARTS,6947000,17737000,11737000
1135477,UNITED REFORMED CHURCH THAMES NORTH SYNOD CHARITIES,6938000,8134000,1641000
1015408,EDHI INTERNATIONAL FOUNDATION UK,6932991,7438422,2225821
1152401,LEGACY LEISURE LIMITED,6927975,25536977,25725855
1138223,MEDICAL RESEARCH FOUNDATION,6886400,9227701,5822579
254543,THE CORPORATION OF THE HALL OF ARTS AND SCIENCES,6854000,16022000,26699000
1160316,GUY'S AND ST THOMAS' FOUNDATION,6841000,26634000,43255000
309093,THE WELLINGTON COLLEGE,6797000,64365000,57052000
1001291,WORLD LAND TRUST,6780000,7122000,6317000
231239,ST DAVIDS DIOCESAN BOARD OF FINANCE,6774398,7343181,7563268
506120,LEICESTERSHIRE & RUTLAND ORGANISATION FOR THE RELIEF OF SUFFERING LIMITED,6761965,13899100,15697770
237902,THE NATIONAL ARMY MUSEUM,6750000,7448000,7413000
1178335,DELTA PHILANTHROPIES,6747289,6747289,5094881
280276,HOSPICE IN THE WEALD,6721979,11574919,10192424
313690,THE UNITED WORLD COLLEGES (INTERNATIONAL),6716000,6913000,5770000
1102881,VILLA SCALABRINI,6715827,8727937,1955970
223882,HALLE CONCERTS SOCIETY,6710000,11673000,9684000
1118490,THE HEARN FOUNDATION,6701836,6704413,377410
1136917,BRITISH FRIENDS OF EZRAT YISRAEL KIRYAT SEFER,6701000,6701017,6775681
1146244,THE SUTTON TRUST,6669917,6698890,5217472
1126281,HUMAN RELIEF FOUNDATION,6669618,9499696,8415314
1045315,MEDICAL AID FOR PALESTINIANS,6666000,10045000,9378000
295818,CHEVRAS MO'OZ LADOL,6653686,6653778,6658364
271297,THE LEGAL EDUCATION FOUNDATION,6645000,10298000,7503000
1103836,THE DAVID SHELDRICK WILDLIFE TRUST,6620945,6700180,6248432
1181128,National Philanthropic Trust UK Limited,6596525,6613157,881015
1093387,FIRE FIGHTERS CHARITY,6591410,9970336,9953459
247778,WORCESTER DIOCESAN BOARD OF FINANCE LIMITED,6582000,8887000,8411000
1025387,BADER INTERNATIONAL STUDY CENTRE,6564057,10741048,5595998
206658,WORLD HORSE WELFARE,6563000,7356000,8046000
1131655,CHURCH MISSION SOCIETY,6542000,8358000,7448000
1085314,TATE FOUNDATION,6541445,6574490,5966299
1010930,PRINCESS ALICE HOSPICE,6525807,17932275,17178323
250037,THE SALFORD DIOCESAN TRUST,6506622,12365941,17284738
1176782,THE ELMA FOUNDATION (UK),6500000,6516795,3378074
1181260,THE PRESENT VALUE TRUST,6500000,6503587,6247
233140,THE ST ASAPH DIOCESAN BOARD OF FINANCE,6479423,8572903,6883557
1112708,PANCREATIC CANCER UK,6448299,6506230,6033754
247233,THE NEWCASTLE DIOCESAN BOARD OF FINANCE,6446635,7431074,7008087
1179712,MANCHESTER YOUTH ZONE - EAST,6435830,6436453,129080
1165672,THE ROYAL FREE CHARITY,6410000,9496000,7916000
1146792,CANAL & RIVER TRUST,6400000,216100000,232800000
1140679,MOORFIELDS EYE CHARITY,6395000,6724000,8259000
1061352,ORBIS CHARITABLE TRUST,6394114,6413064,5664587
288180,HELPAGE INTERNATIONAL,6386000,20729000,21270000
1137540,CHRIST'S COLLEGE CAMBRIDGE IN THE UNIVERSITY OF CAMBRIDGE FIRST FOUNDED BY KING HENRY VI OF ENGLAND AND AFTER HIS DEATH,6377697,16420518,10932470
1112655,OM International,6356146,6730482,5084588
247828,THE COVENTRY DIOCESAN BOARD OF FINANCE LTD,6331000,10151000,9173000
1126097,HOPE FOR JUSTICE,6305089,6755546,6410695
249767,THE DERBY DIOCESAN BOARD OF FINANCE LIMITED,6300096,9918799,8943416
1091660,THE ALBORADA TRUST,6300000,6325988,2912281
1161153,ASSOCIATION OF AIR AMBULANCES (CHARITY) LTD,6296452,6518915,6323109
297798,HOSPISCARE,6287731,12660789,10604487
210119,THE ROYAL STAR & GARTER HOMES,6286000,19232000,23542000
290767,THE CENTRAL BRITISH FUND FOR WORLD JEWISH RELIEF,6278472,6310285,7080387
1186843,THE CORTON HILL TRUST,6254200,6808408,582437
1094646,NORTHAMPTONSHIRE COMMUNITY FOUNDATION,6247609,7101430,1678558
255424,ROYAL EXCHANGE THEATRE COMPANY LIMITED,6247000,9710000,10503000
1062762,GREENHAM TRUST LTD,6239400,15660628,7694741
1137495,THE QUEENS' COLLEGE OF SAINT MARGARET AND SAINT BERNARD IN THE UNIVERSITY OF CAMBRIDGE,6238843,19439906,15499511
803392,HAMPSTEAD HEATH,6236939,9628345,9851312
1141206,STELIOS PHILANTHROPIC FOUNDATION,6217377,6230203,3682080
1015324,SCREENSKILLS LIMITED,6209913,13215613,11846933
275913,SAINT FRANCIS HOSPICE,6201000,12291000,11111000
1087445,NORTH MUSIC TRUST,6192927,15958128,14741359
236627,THE CHURCH OF ENGLAND PENSIONS BOARD,6172000,29078000,29683000
700859,ACORNS CHILDREN'S HOSPICE TRUST,6165000,17699000,15609000
1156644,THE FIELDROSE CHARITABLE TRUST,6162627,6408769,292817
298809,THE SERPENTINE TRUST,6162264,12205701,10504426
1117345,HEART OF ENGLAND COMMUNITY FOUNDATION,6148170,6610128,5884847
1139527,ST. JOHN OF JERUSALEM EYE HOSPITAL GROUP,6146000,10708000,10476000
276976,THE RANK FOUNDATION LIMITED,6138000,7507000,10551000
1088366,SYRACUSE UNIVERSITY (USA) LONDON PROGRAM,6136838,6172732,5872429
1166966,CASE COMMUNITY TRUST,6131991,6425144,342076
232391,THE LONDON SYMPHONY ORCHESTRA LIMITED,6117000,16609000,16746000
288509,THE COURTAULD INSTITUTE OF ART FUND,6110716,6111271,6111271
234091,NORTHAMPTON ROMAN CATHOLIC DIOCESAN TRUST,6104937,9166425,9422660
1180132,The Family Trust,6100000,6100000,0
1157294,THE OKAPI FUND FOR NATURE CONSERVATION IN THE DEMOCRATIC REPUBLIC OF CONGO,6088214,6230850,658929
225910,JNF CHARITABLE TRUST,6088000,15411000,6781000
205913,ACTION FOR BLIND PEOPLE,6073000,6073000,6073000
264501,PHYLLIS TUCKWELL MEMORIAL HOSPICE LTD,6071614,11998033,11830653
1062400,THE DORSET NATURAL HISTORY AND ARCHAEOLOGICAL SOCIETY,6062997,6099442,968334
1148237,HISTORIC COVENTRY TRUST,6048127,6048127,5594812
1108298,THAMES HOSPICE,6046000,12627000,10398000
1111364,LAUREUS SPORT FOR GOOD FOUNDATION,6009384,6009384,5779087
252892,KIDNEY RESEARCH UK,6006000,9949000,9967000
1179578,BRITISH GAS ENERGY TRUST,6005400,6237527,5781911
1042391,COMMUNITY SECURITY TRUST,5995613,20528501,21161719
207316,NIGHTINGALE HAMMERSON,5957000,16983000,14772000
1139726,WADHAM COLLEGE,5912000,14914000,12313000
1092312,THEIRWORLD,5909196,8567824,5869182
1134606,THE RCN FOUNDATION,5909000,6722000,5718000
295672,MAKE-A-WISH FOUNDATION UK,5905128,8411745,8416379
312714,LATYMER FOUNDATION AT HAMMERSMITH,5893000,32748000,28089000
1093577,THE RAMBLERS' ASSOCIATION,5890000,11958000,10836000
1175323,YMCA TRUST,5888567,6007299,45285
1123973,OMF INTERNATIONAL (UK),5867918,5938267,6572593
271731,PEABODY COMMUNITY FOUNDATION,5865073,8558277,8493716
1123975,THE CHURCH OF PENTECOST - UK,5861771,6009411,4943176
801013,LONDON'S AIR AMBULANCE LIMITED,5846723,13608076,10525658
1183415,United Kingdom for UNHCR,5844005,5844005,5547180
253206,THE GENERAL CONFERENCE OF THE NEW CHURCH,5838474,6791181,984951
1127366,THE BRITISH ASIAN TRUST,5834030,5834030,5402674
210065,ESSEX WILDLIFE TRUST LIMITED,5827992,10040194,7399306
1107561,BRADFORD TRIDENT LIMITED,5795676,6868573,6622752
213227,PLYMOUTH DIOCESAN TRUST,5791000,7957000,6896000
1175061,THE PERMIRA FOUNDATION,5786958,5786958,6196640
1179736,LUCILLE FOUNDATION,5776000,5777660,2954753
274100,THE CLOTHWORKERS' FOUNDATION,5775947,9285225,10037899
230165,SOCIETY OF JESUS TRUST OF 1929 FOR ROMAN CATHOLIC PURPOSES,5775000,29129000,33497000
528413,SHREWSBURY SCHOOL,5766183,34235939,27930778
1113409,MAGEN DAVID ADOM UK,5751840,5760118,7093508
1102114,KINGSWAY INTERNATIONAL CHRISTIAN CENTRE,5742339,6697927,8158813
212481,"THE ROYAL SHAKESPEARE COMPANY, STRATFORD-UPON-AVON",5729000,72061000,76243000
1125537,PEOPLE'S HEALTH TRUST,5725722,5924673,5204394
284789,THE APOSTOLIC CHURCH,5712681,6195024,5495040
1044940,SHEFFIELD FUTURES,5708129,5708129,5780151
249424,MANCHESTER DIOCESAN BOARD OF FINANCE,5707000,15786000,15062000
1072490,THE DUKE OF EDINBURGH'S AWARD,5707000,18332000,17036000
1064144,THE VEOLIA ENVIRONMENTAL TRUST,5706000,5820000,5243000
226686,THE ROYAL AIR FORCES ASSOCIATION - CORPORATE BODY,5703000,13922000,17240000
205395,MUSCULAR DYSTROPHY GROUP OF GREAT BRITAIN AND NORTHERN IRELAND,5702527,6201343,6349794
516898,YORKSHIRE CANCER RESEARCH,5677878,18716737,10361561
1004058,CLAIRE HOUSE,5669844,10024771,9015497
1178046,THE GREENSLADE FAMILY FOUNDATION,5652592,5661870,103015
1119619,ST PAUL'S SCHOOL,5652000,40533000,36630000
312008,THE LONDON ORPHAN ASYLUM (REED'S SCHOOL),5652000,23948000,18494000
1122489,THE PENNIES FOUNDATION,5649090,5651334,6153651
1143714,CORPUS CHRISTI COLLEGE OXFORD,5648000,11298000,10111000
1117794,THE ROYAL NAVY AND ROYAL MARINES CHARITY,5643152,11383716,18035605
1109453,SUFFOLK COMMUNITY FOUNDATION,5640718,6214331,5699036
1110621,CAMPAIGN AGAINST LIVING MISERABLY,5639795,5693078,3950609
1134680,THE CINNAMON TRUST,5634416,6295367,3359989
1175670,MENTAL HEALTH INNOVATIONS,5621250,5975126,5366559
328081,THE BARBOUR FOUNDATION,5620786,6288766,2585179
1142404,UCLU,5603622,10096213,10637471
1136737,AUTISM RESEARCH TRUST,5601235,5622191,401040
245700,THE ARMY CENTRAL FUND,5596398,8127153,5591046
1029450,A M QATTAN FOUNDATION,5586916,5875422,7785059
1153735,SKT WELFARE,5549250,5553364,5461105
212424,"RSA (THE ROYAL SOCIETY FOR THE ENCOURAGEMENT OF ARTS, MANUFACTURES AND COMMERCE)",5541000,12123000,13206000
1042495,Shooting Star Children's Hospices,5539234,11090612,10729290
238045,LONDON PHILHARMONIC ORCHESTRA LIMITED,5535985,8977277,7736092
1139000,THE WARDEN AND SCHOLARS OF ST MARY COLLEGE OF WINCHESTER,5530000,34685000,31742000
309268,THE ROYAL COLLEGE OF MUSIC,5526095,29018594,27389432
1145181,CARERS TRUST,5517417,6002835,5755003
1084910,THAMES VALLEY AIR AMBULANCE,5515069,9713431,9020321
1094586,THE DRINKAWARE TRUST,5513421,6022497,4708691
802725,THE HORNIMAN PUBLIC MUSEUM AND PUBLIC PARK TRUST,5504178,7478762,7766529
251977,CARLISLE DIOCESAN BOARD OF FINANCE,5497239,8750645,8079893
1135156,TREE AID,5449790,5475390,5244968
312695,THE CENTRAL FOUNDATION SCHOOLS OF LONDON,5430000,6546000,2309000
1077998,DEVON AIR AMBULANCE TRUST,5419000,8449000,9880000
1097231,THE GOODMAN FOUNDATION,5397659,8283601,947637
1099506,MONEY ADVICE TRUST,5389600,14825720,12753660
232990,EPPING FOREST,5388109,6584647,7140881
259649,INTERNATIONAL SOCIETY FOR KRISHNA CONSCIOUSNESS LIMITED,5381920,8752340,7776886
306983,THE GIRLS' DAY SCHOOL TRUST,5372000,263033000,254784000
515104,EAST CHESHIRE HOSPICE,5367760,6533741,4962854
280825,HOSPICE OF ST FRANCIS (BERKHAMSTED) LTD,5362000,9002000,6751000
1059951,HELP THE NEEDY CHARITABLE TRUST,5350578,5350755,6187209
1096538,VIRIDOR CREDITS ENVIRONMENTAL COMPANY,5331383,5376841,5519652
1163245,THE ROYAL MASONIC BENEVOLENT INSTITUTION CARE COMPANY,5316000,52193000,57995000
313838,THE PAUL MELLON CENTRE FOR STUDIES IN BRITISH ART,5306259,6479089,5276431
1081467,THE MESSAGE TRUST,5305286,5982036,6108888
313109,JEWISH SECONDARY SCHOOLS MOVEMENT,5296207,5336081,4416346
1053028,THE HALL FOR CORNWALL TRUST,5285735,6390967,1018949
206787,THE WHITE ENSIGN ASSOCIATION LIMITED,5279402,5424879,717412
1121101,REACH TO TEACH,5266169,5311242,5088231
1095850,ERNEST HECHT CHARITABLE FOUNDATION,5253040,5272905,2713406
803428,"THE FOUNDATION AND FRIENDS OF THE ROYAL BOTANIC GARDENS,KEW",5252000,5575000,7950000
1014851,HOSPICE UK,5251000,6376000,6450000
249355,THE LINCOLN DIOCESAN TRUST AND BOARD OF FINANCE LTD,5245000,9200000,12020000
504481,THE BLACK COUNTRY LIVING MUSEUM TRUST,5188521,11995561,7153188
232402,THE CAMPHILL VILLAGE TRUST LIMITED,5164000,26444000,25783000
515755,HUMANKIND CHARITY,5153245,50192880,45759581
1113125,ST JOSEPH'S HOSPICE HACKNEY,5144000,15078000,13378000
1132689,THE FOOTBALL LEAGUE (COMMUNITY) LIMITED,5133526,18573352,19340689
1110817,NORFOLK COMMUNITY FOUNDATION,5127000,5801000,4304000
1038483,SISTERS OF THE CROSS AND PASSION,5124384,15501415,16903257
1156363,FOUNDATION FOR INTEGRATED TRANSPORT,5122678,5197362,526364
313512,INTERNATIONAL STUDENTS HOUSE,5122000,9773000,7570000
1142553,"THE QUEEN'S COLLEGE, OXFORD",5118000,16069000,13353000
1102510,MAGIC BREAKFAST,5109171,5742820,4818735
1136839,LIFELINES INTERNATIONAL FUND FOR EDUCATION,5100000,5100000,59881
1075641,NORTH WEST AIR AMBULANCE,5070450,12021518,9892730
1040378,FORDHAM UNIVERSITY UK CHARITABLE TRUST,5064363,5092882,5208868
1122777,AMUD HATZDOKOH TRUST,5060953,5065085,4921617
1092892,HOLOCAUST EDUCATIONAL TRUST,5052241,6564079,5561328
249748,BRIGHTON DOME AND FESTIVAL LTD,5046386,12696423,12451442
234556,ECHOES OF SERVICE,5018511,5252436,6279218
1173851,ECHOES INTERNATIONAL,5018511,5252436,6279218
1166112,THE BLOOM FOUNDATION,5012481,5079535,4493903
1047432,THE AMAR INTERNATIONAL CHARITABLE FOUNDATION,5011868,5070312,4938098
1146913,THE POLICE REHABILITATION CENTRE,5006600,5497157,5363516
278742,EAST ANGLIA ROMAN CATHOLIC DIOCESAN TRUST,5006275,6079596,6060683
1175685,PEGASUS,5000000,5000595,65774
1184952,THE MARJORIE JAYE CHARITABLE FOUNDATION,5000000,5033444,15806
1189119,COVID-19 HEALTHCARE SUPPORT APPEAL,4996246,4996246,3247199
259140,NORTHERN BALLET LIMITED,4979262,8413162,10187870
288527,THE TERRENCE HIGGINS TRUST,4958000,12009000,12243000
1170103,ADDENBROOKE'S CHARITABLE TRUST,4955000,7267000,7612000
1182567,CARETECH CHARITABLE FOUNDATION,4953823,4953823,659537
1086806,THE WIGODER FAMILY FOUNDATION,4953000,7282554,504118
1066905,CARE FOR THE FAMILY,4940967,5037308,3832299
1102712,ROYAL OSTEOPOROSIS SOCIETY,4937828,5401708,3735782
1182876,CREATIVE LAND TRUST,4928539,4928753,436764
1075601,BRANSBY HORSES,4922002,6886142,6227607
1113868,HAND IN HAND INTERNATIONAL,4918946,4927936,4537102
800630,THE DESIGN MUSEUM,4917964,13205329,11779293
1075120,CUMBRIA COMMUNITY FOUNDATION,4912013,8469873,2527107
1072590,THE OLD VIC THEATRE TRUST 2000,4903325,15780809,12443421
266916,THE SHAKESPEARE GLOBE TRUST,4903000,11212000,16829000
1147449,THE POLICE TREATMENT CENTRES,4896140,6120895,4724189
285300,NORTH LONDON HOSPICE,4884332,13068553,12664877
1181392,THE BAPTIST UNION OF GREAT BRITAIN,4867000,8421000,8442000
1160256,READ FOUNDATION,4865403,4888666,3793040
288622,THE REHABILITATION TRUST,4851903,4851903,4815304
296058,STARLIGHT CHILDREN'S FOUNDATION,4845294,4862910,5999884
1124927,UK CARE FOR CHILDREN,4844179,4852716,1529108
212563,BARTS AND THE LONDON CHARITY AND RELATED CHARITIES,4840000,19775000,32238000
503717,IRONBRIDGE GORGE MUSEUM TRUST LIMITED,4836870,7263516,6455403
1170168,CLIFTON DIOCESE,4834000,7595000,8813000
1182660,THE P27 TRUST,4824429,4840052,4265862
212808,ROYAL COLLEGE OF SURGEONS OF ENGLAND,4817000,26713000,28961000
1154976,CITY COLLEGE PETERBOROUGH FOUNDATION,4815218,4886973,118533
1163970,JEREMY COLLER FOUNDATION,4814575,4855302,3984041
1157252,THE ONSIDE FOUNDATION,4800000,8175457,10113216
1067125,JULIA'S HOUSE LIMITED,4788413,10058107,7125785
1052061,ESSEX COMMUNITY FOUNDATION,4776082,6344640,5742450
313013,THE MARINE SOCIETY AND SEA CADETS,4775000,17774000,17324000
506276,CITY OF BIRMINGHAM SYMPHONY ORCHESTRA,4769000,10451000,10898000
234331,LANCASTER ROMAN CATHOLIC DIOCESAN TRUST,4766822,16637391,19284496
1088128,ENVIRONMENTAL JUSTICE FOUNDATION CHARITABLE TRUST,4764351,4791772,2715926
258085,ST ANN'S HOSPICE,4755048,12498231,12754986
1167954,JCD FOUNDATION,4750000,4774245,2227627
1082777,SHINE: SUPPORT AND HELP IN EDUCATION,4747098,4751549,2911783
1127255,THE PRINCE OF WALES'S CHARITABLE FOUNDATION,4744000,13909000,13737000
1165397,NOTTINGHAM UNIVERSITY HOSPITALS CHARITY,4742000,5279000,4924000
1122964,LUTON CULTURAL SERVICES TRUST,4738853,6710068,6866178
1152596,THE BERKELEY CHARITABLE FOUNDATION,4732891,4752390,3412693
1056114,THE ST PETER AND ST JAMES CHARITABLE TRUST,4729616,6233355,5090697
1123385,CHANCE TO SHINE FOUNDATION LTD,4726000,5240000,4124000
280681,ST LUKE'S HOSPICE PLYMOUTH,4722408,13582372,10953711
1185767,BAPTIST BUILDING CIO,4719689,4768870,99221
1092204,THE GREAT NORTH AIR AMBULANCE SERVICE,4714248,8313235,8086125
1163294,KHALSA AID INTERNATIONAL,4703356,4746714,1984747
269177,ST PETER'S HOSPICE,4700000,16687000,16145000
801355,ST GILES TRUST,4683951,15312354,13319546
1108989,ESSEX & HERTS AIR AMBULANCE TRUST,4680895,16590935,11735322
1182652,AMAR-FRANSES AND FOSTER-JENKINS TRUST,4665284,4916874,343851
1177514,THIRTY PERCY FOUNDATION,4664881,4759286,2871504
1133586,OXFORD DIOCESAN BOARD OF EDUCATION,4662000,5428000,4051000
1042125,BIRDLIFE INTERNATIONAL,4660696,26174036,23024652
283686,ST WILFRID'S HOSPICE (EASTBOURNE),4655873,8332304,7886398
299731,Rowans Hospice,4652536,9006967,9630452
248330,THE TRURO DIOCESAN BOARD OF FINANCE LIMITED,4643928,6972217,7414063
1067314,OCCA House,4627187,4791618,4325440
1004005,MARINE CONSERVATION SOCIETY,4617398,5219017,3611045
1184963,TIM FRESHWATER TRUST,4605500,4624151,37801
292559,THEATRE DEVELOPMENT TRUST,4604285,5072272,5019190
255685,FRIENDS OF WIZNITZ LIMITED,4600488,4695920,5554345
256979,POLKA CHILDREN'S THEATRE LIMITED,4594788,4673123,991664
1053988,CLIENTEARTH,4583332,20790707,16850235
1156305,ST. MARTIN-IN-THE-FIELDS CHARITY,4580828,4868694,3728176
207812,ELIZABETH FINN CARE,4578000,35818000,33876000
1136870,THE CIVIL SERVICE BENEVOLENT FUND,4557000,5325000,8192000
281362,ST CATHERINE'S HOSPICE LIMITED,4551000,12502000,11906000
1176160,THE LITTLE PRINCESS TRUST,4544551,4755507,4006616
1183641,THE JIM RATCLIFFE FOUNDATION,4541636,4541636,8127508
246639,WORSHIPFUL COMPANY OF FOUNDERS SEXCENTENARY APPEAL FUND,4515027,4520264,29964
1175106,THE PLAISTER CHARITABLE FOUNDATION,4498210,4643726,141459
1128255,CAN MEZZANINE,4495693,4688694,4096109
1143272,SHAARE ZEDEK UK,4492241,4509957,4549373
208944,KING EDWARD VII'S HOSPITAL SISTER AGNES,4489000,34711000,33208000
249685,THE HEREFORD DIOCESAN BOARD OF FINANCE,4479144,5739807,6475839
1056453,PEOPLE FOR THE ETHICAL TREATMENT OF ANIMALS (PETA) FOUNDATION,4476809,4504002,4272641
1123613,THE MISSION TO SEAFARERS,4476000,5803000,5218000
516287,THE MYTON HOSPICES,4467873,11915880,11965621
204330,"BERKSHIRE, BUCKINGHAMSHIRE AND OXFORDSHIRE WILDLIFE TRUST",4442000,5659000,5686000
1147855,THE UNIVERSITY OF SHEFFIELD UNION OF STUDENTS,4441615,10002095,10372268
275745,DOROTHY HOUSE,4441312,13666041,14328429
1060458,WALES MILLENNIUM CENTRE,4439000,22426000,23887000
1011102,FAUNA & FLORA INTERNATIONAL,4434249,26469119,24042918
1147327,THE CALNE FOUNDATION TRUST,4410389,4425055,3789756
1111719,Anglo American Foundation,4406792,4420490,4365414
309482,ST MARY'S SCHOOL (CALNE),4400998,19552415,14845270
1118492,AL MUSTAFA WELFARE TRUST INTERNATIONAL LTD,4388863,4389021,3245018
281371,THE BAIS ROCHEL DSATMAR CHARITABLE TRUST,4388491,4647266,4009667
1170815,MENTAL HEALTH UK,4387545,4589788,4280188
802872,THE MOVEMENT FOR NON-MOBILE CHILDREN (WHIZZ-KIDZ),4387000,6919000,6544000
1066806,MARINE STEWARDSHIP COUNCIL,4384000,29466000,26913000
1132411,LOCALGIVING FOUNDATION,4382753,4695303,4821753
1021367,Air Ambulance Charity Kent Surrey Sussex,4374171,16268615,15427191
803680,CANINE PARTNERS FOR INDEPENDENCE,4369458,4400434,3285284
1039086,EARL MOUNTBATTEN HOSPICE,4354587,15089402,14581009
327421,ARTICLE 19,4350911,11839165,10214452
1068303,HASMONEAN HIGH SCHOOL CHARITABLE TRUST,4340512,4340623,3788246
299509,THE NATIONAL GALLERY TRUST,4333117,14322519,23966120
1187179,THE SIR BERNARD & LADY SCHREIER FOUNDATION,4330432,4339160,120483
517919,MARTIN HOUSE,4328658,8833171,8174215
1030884,WILDFOWL AND WETLANDS TRUST,4328000,25696000,26853000
1184159,NNS FOUNDATION,4327419,4327950,4108997
269721,THE COTSWOLD CANALS TRUST,4324927,4627416,2156889
1100417,HAMPSHIRE AND THE ISLE OF WIGHT COMMUNITY FOUNDATION,4318971,4750435,2662979
1160901,TRANSPORT BENEVOLENT FUND (CIO),4317000,4434000,4691000
305962,THE ARMY CADET FORCE ASSOCIATION,4302015,4440625,4322556
219763,SIM INTERNATIONAL (UK),4298878,4352079,4294951
1003859,HOPE HOUSE CHILDREN'S HOSPICES,4297681,10240500,8420496
279473,ST MARGARET'S SOMERSET HOSPICE,4288566,13443041,13801232
1084958,DEBRA,4283261,11412897,13783428
802145,THE MARTLETS HOSPICE LIMITED,4273156,11166050,11225096
509014,ST GILES HOSPICE,4263968,13829709,14554416
511179,ST MICHAEL'S HOSPICE (INCORPORATING THE FREDA PEARCE FOUNDATION),4262184,9930651,8467587
1002059,ROTARY FOUNDATION OF THE UNITED KINGDOM,4258918,4261534,4259685
528066,THE UNIVERSITY OF NEWCASTLE UPON TYNE DEVELOPMENT TRUST,4256933,4259557,2232284
1056804,LEICESTER HOSPITALS CHARITY,4255195,4678878,2211478
281963,ST WILFRID'S HOSPICE (SOUTH COAST) LIMITED,4250837,7801218,7839478
1155029,KEREN HATZOLAS DOROS ALEI SIACH,4247633,4247633,4260073
1089685,CAMPAIGN TO PROTECT RURAL ENGLAND,4243000,4352000,5145000
1069204,SOS CHILDREN'S VILLAGES UK,4242490,4265006,4957943
230538,THE ROYAL LIVERPOOL PHILHARMONIC SOCIETY,4238000,10215000,11618000
1083995,METHODIST HOMES,4219000,251238000,236164000
1170855,ONE AGAINST POVERTY (UK),4213352,4213352,4255161
503386,ST OSWALD'S HOSPICE LIMITED,4209929,14691061,13735143
287287,THE CENTRE FOR ECONOMIC POLICY RESEARCH,4201853,4572176,3858188
1145887,BACKSTAGE TRUST,4195873,4204318,3749622
1141831,THE MARE AND FOAL SANCTUARY,4192803,4641852,5103911
270726,THE SWIRE CHARITABLE TRUST,4189126,5085130,4257381
1075920,THE INDIGO TRUST,4187500,4399659,4183314
1001198,THE MACULAR DISEASE SOCIETY,4182000,5401000,5267000
1181267,THE HYGIENE BANK,4170014,4170014,3967006
1164682,THE STONE FAMILY FOUNDATION,4169978,4536840,9062351
326340,THE MERCERS CHARITABLE FOUNDATION,4169000,4459000,6292000
1169897,CWPLUS,4167000,4825000,9777000
1123122,LONDON TRANSPORT MUSEUM LIMITED,4158000,15951000,16064000
288018,THE CHILDREN'S TRUST,4149000,25677000,26371000
1137492,THE COLLEGE OR HALL OF VALENCE MARY COMMONLY PEMBROKE COLLEGE IN THE UNIVERSITY OF CAMBRIDGE,4148000,17589000,17389000
247919,INTERNATIONAL FELLOWSHIP OF EVANGELICAL STUDENTS,4139237,4397866,4180709
1159815,PRINCE'S TRUST INTERNATIONAL,4126580,4160094,3069979
326550,SUSTRANS,4114000,63498000,63436000
210729,THE ROYAL UNITED KINGDOM BENEFICENT ASSOCIATION,4113000,8685000,16562000
1179136,THE AGA KHAN UNIVERSITY (INTERNATIONAL) IN THE UNITED KINGDOM,4103979,4260093,4600706
289154,ST ELIZABETH HOSPICE (SUFFOLK),4100618,13043715,12906014
1142122,The Countryside Regeneration Trust,4095432,4428709,1240805
1120148,THE GOLDMAN SACHS CHARITABLE GIFT FUND (UK),4086639,4206619,2081644
1150056,DKMS FOUNDATION,4079333,8921145,9267212
298555,ST LUKE'S HOSPICE (HARROW AND BRENT) LTD,4077000,9590000,7681000
1137163,CARDIFF UNIVERSITY STUDENTS' UNION,4074397,10280850,10823403
276441,RACHEL CHARITABLE TRUST,4069933,5861904,7630630
1084189,BRITISH LIMBLESS EX-SERVICE MEN'S ASSOCIATION (BLESMA),4063286,4757649,5231681
306137,UNIVERSITIES & COLLEGES CHRISTIAN FELLOWSHIP,4062818,4504137,4455660
1103565,NOBLE TREE FOUNDATION LIMITED,4058729,4244274,526505
1088614,JESUS HOUSE FOR ALL NATIONS,4036163,4411685,4072953
803655,SANTANDER UK FOUNDATION LIMITED,4035000,4386610,3452418
1137209,BLUE MARINE FOUNDATION,4033518,4046455,3620842
1014051,COPE CHILDRENS TRUST,4029983,6750969,6587864
1116530,LIVABILITY,4028000,44276000,47024000
1070906,THE BORN FREE FOUNDATION,4027817,5307569,6208748
1016968,YOUNG MINDS TRUST,4019589,5500639,5427092
309998,TRINITY LABAN CONSERVATOIRE OF MUSIC AND DANCE,4009826,22725654,24301444
512394,SEVERN HOSPICE LIMITED,4007136,12907260,12328493
1131790,INSTITUTE FOR HUMAN RIGHTS & BUSINESS LIMITED,4006650,4064414,2825639
1127046,THE CROSS TRUST,4000106,4002043,1224291
1159480,ONEBILLION LEARNERS,3975644,4307168,540857
1132882,"THE PAROCHIAL CHURCH COUNCIL OF THE ECCLESIASTICAL PARISH OF ALL SOULS, LANGHAM PLACE, LONDON",3958933,4382372,3038152
1158707,HOME FOR GOOD,3955244,4190201,1364766
1087870,CMZ LTD,3940351,3940365,3780162
214364,THE ROYAL BALLET SCHOOL,3939000,12359000,11971000
1101485,WELLINGBOROUGH SCHOOL,3933338,15336497,12453969
1186994,THE STONYHURST FOUNDATION,3931737,3932160,425380
1135056,CLARION FUTURES,3931000,6914000,16403000
1084042,RACING WELFARE,3914974,5355738,3703672
313697,YOUNG ENTERPRISE,3897504,4839461,4813965
1142701,"THE COLLEGE OF SAINT MARY OF WINCHESTER IN OXFORD, COMMONLY CALLED NEW COLLEGE",3896000,16964000,16613000
277424,REFUGE,3895809,17562105,18102554
271519,KISHARON,3894413,8620586,8377781
1078968,AMABRILL LTD,3892501,3892581,4477150
1137536,GONVILLE AND CAIUS COLLEGE IN THE UNIVERSITY OF CAMBRIDGE FOUNDED IN HONOUR OF THE ANNUNCIATION OF THE BLESSED MARY THE VIRGIN,3881516,17145908,16468754
1056651,MISSIO,3879305,4010823,5081379
1081384,CHAIN OF HOPE,3875755,4263092,4835517
1040419,CHILD BEREAVEMENT UK,3871624,4922949,3917661
1167663,DOGS TRUST WORLDWIDE,3836290,3849840,3906609
1067653,MONMOUTH DIOCESAN BOARD OF FINANCE,3829763,4052623,3901931
298582,THE TERESA ROSENBAUM GOLDEN CHARITABLE TRUST,3829582,4803037,6403906
261383,Britten Pears Arts,3828000,12641000,11949000
1066184,THE WORDSWORTH TRUST,3826866,4256186,1651972
803029,THE HAWORTH CHARITABLE TRUST,3826331,3880418,155323
312612,THE WHITGIFT FOUNDATION,3826035,67747754,71513079
1117431,THE UNIVERSITY OF CHICAGO FOUNDATION LIMITED,3819437,3819448,3715344
1051909,BROWN UNIVERSITY CHARITABLE TRUST,3813735,3813735,3818992
1180678,STEWARDSHIP AMERICAN DONOR FUND UK LIMITED,3812000,3822000,20181000
1118277,INTERNATIONAL ANIMAL RESCUE,3805875,3897576,3829705
1013945,ROYAL TRINITY HOSPICE,3801137,15275222,16129435
210063,ROYAL BRITISH LEGION INDUSTRIES LTD.,3801000,19478000,19235000
250277,PHILHARMONIA LTD,3794060,9731270,10396192
1068661,THE CONGREGATION OF THE DAUGHTERS OF THE CROSS OF LIEGE,3772000,16661000,17141000
1118102,FOUR PAWS,3768272,3768272,3415508
1153809,LA FONDATION DES SAVANES OUEST-AFRICAINES,3767516,4329348,3726996
1151993,TIKVA UK,3765815,3765815,3760466
219946,UFM WORLDWIDE,3764798,3829177,3668924
1077106,THE ANNA FREUD CENTRE,3758874,16215298,16586927
1080837,THE PERFORMING RIGHT SOCIETY FOUNDATION,3753341,3911558,3881629
1002878,PEACE HOSPICE CARE,3752062,6923779,5014243
1150733,"SUNDERLAND MUSIC, ARTS & CULTURE TRUST",3738981,3742087,224619
1094446,SOMERSET COMMUNITY FOUNDATION,3738156,3926763,2725620
515668,ST RICHARDS HOSPICE FOUNDATION,3736648,9981124,9225953
1178117,QUEENBOROUGH FISHERY TRUST,3722787,3880050,111041
1137512,THE PRINCIPAL AND FELLOWS OF NEWNHAM COLLEGE,3713875,10978236,12307591
1183435,VAISHNAV SANGH OF UK,3700086,3776075,708320
1076329,EMBRACE THE MIDDLE EAST,3692000,4243000,4557000
1090499,"NATIONAL ANIMAL WELFARE TRUST",3679735,4386899,3988726
1081462,BETEL OF BRITAIN,3678314,7395417,4425324
249002,THE INSTITUTE OF ADVANCED MOTORISTS LIMITED,3677000,7339000,7236000
231242,THE ENGLISH STAGE COMPANY LIMITED,3671856,6634962,7930446
1049383,FORWARD IN FAITH MINISTRY U.K.,3670544,3684358,2319592
1139632,THE SCHOOL OF ARTISAN FOOD,3668656,4160022,1146283
1093401,AMANA TRUST,3666418,4118327,2950057
1113226,THE SUSSEX COMMUNITY FOUNDATION,3663405,3968122,3460136
1134979,THE PILGRIMS FRIEND GROUP,3660000,16834000,14349000
258421,AGAPE MINISTRIES LTD,3651531,3670154,3622380
270194,WILLEN HOSPICE,3645255,7085574,6997528
1174460,THE SINCLAIR CHARITY,3639912,4273542,877943
1091316,OPERATION SMILE UNITED KINGDOM,3637482,3765769,3283761
1177272,ARCHDIOCESE OF CARDIFF,3636006,5344886,6248940
1137463,THE MASTER AND FELLOWS OF THE COLLEGE OR HALL OF SAINT CATHARINE THE VIRGIN IN THE UNIVERSITY OF CAMBRIDGE,3628000,15340000,13862000
307892,THE ROYAL SOCIETY FOR BLIND CHILDREN,3628000,4355000,3689000
1104152,THE PETS AT HOME FOUNDATION,3614332,5057987,4605119
1166084,IMPERIAL HEALTH CHARITY,3611838,6291640,9394037
1155374,WENTWORTH WOODHOUSE PRESERVATION TRUST,3610899,4479366,4417337
1136986,THE UNIVERSITY OF NOTTINGHAM STUDENTS' UNION,3603304,9423405,9753733
1084767,REDEEMED CHRISTIAN CHURCH OF GOD,3598313,3685933,3449516
266983,ZURICH COMMUNITY TRUST (UK) LIMITED,3593000,3683000,3936000
287686,KHOJA SHIA ITHNA-ASHRI (SOUTH LONDON) JAMAAT,3587012,3933032,632351
512387,COMPTON CARE GROUP LIMITED,3586914,11240275,12446823
1132286,THE CARE WORKERS CHARITY,3584908,3584908,2638828
1149797,THE EIGHTY EIGHT FOUNDATION,3583750,3935108,885747
1053584,ROYAL BROMPTON AND HAREFIELD HOSPITALS CHARITY,3580000,8048000,7798000
1175809,OXFORD HOSPITALS CHARITY,3580000,3802000,6442000
1078956,CHAI-LIFELINE CANCER CARE,3576530,3603144,3483997
1047501,ACTION AGAINST HUNGER,3573871,50790601,51268726
282857,BATTERSEA ARTS CENTRE,3572523,5732421,6401434
1136894,WARWICK STUDENTS' UNION,3571412,7968369,10846733
1076251,BALTIC FLOUR MILLS VISUAL ARTS TRUST,3568661,5487443,5303017
1171995,SWIRE CHINESE LANGUAGE FOUNDATION,3567238,3597997,2642622
1165716,UNIVERSITY HOSPITALS BIRMINGHAM CHARITY,3566000,5279000,5106000
249810,SWANSEA AND BRECON DIOCESAN BOARD OF FINANCE,3564094,3769597,3654945
1134566,ISLAMIC EDUCATION AND RESEARCH ACADEMY (IERA),3563339,3563339,2804229
1144022,TOGETHER FOR SHORT LIVES,3553012,4391063,3099288
1112023,THE GAME AND WILDLIFE CONSERVATION TRUST,3550716,7728643,7123764
1160875,BIRMINGHAM WOMEN'S AND CHILDREN'S HOSPITAL CHARITY,3548000,5533000,5129000
1000412,THE WILDLIFE TRUST FOR BEDFORDSHIRE CAMBRIDGESHIRE NORTHAMPTONSHIRE,3541631,6765990,5232334
1137428,ST JOHN'S COLLEGE CAMBRIDGE,3532000,38460000,45754000
1136742,LEEDS UNIVERSITY UNION,3527568,11216852,11511540
1164474,Crosslinks,3526837,3596115,3594785
213251,LEPRA,3526633,5312145,4648354
1153187,FRIENDS OF BEIS CHINUCH LEBONOS TRUST,3526272,3526272,3470981
247186,THE LONDON CITY MISSION,3512976,5837829,9877857
1119423,THE POLISH CATHOLIC MISSION,3508769,4892674,4143992
1078201,THE CONNECTION AT ST MARTIN-IN-THE-FIELDS,3503443,5213786,5498648
1108278,THE SEVERN TRENT WATER CHARITABLE TRUST FUND,3500000,5765492,5717861
1108296,UNITED UTILITIES TRUST FUND,3500000,3500583,3456044
286554,NORTH DEVON HOSPICE,3494268,7508401,6141568
309486,MARLBOROUGH COLLEGE,3492000,56417000,57931000
1129633,AUDACIOUS CHURCH,3480746,4048185,2519546
1112291,MAYHEIGHTS LIMITED,3474251,4170927,2228055
1079764,PASSAGE 2000,3470080,6501861,6447319
1102249,GRANTSCAPE,3465873,3712423,4414467
527177,REPTON SCHOOL TRUST,3464341,4464319,1807884
1154881,ACTION FOR HUMANITY,3459742,26681356,27632643
1173809,THE BRANSFORD TRUST,3456305,3959096,779621
525761,THE UNITED WORLD COLLEGE OF THE ATLANTIC LIMITED,3455563,14165261,12621356
1020419,MISSING PEOPLE LIMITED,3450593,3716213,3814861
1143797,SYRIA RELIEF,3446512,26648563,27475444
1139841,THE MCLAIN FOUNDATION LIMITED,3437500,3655917,747559
1136151,SOCIAL BUSINESS TRUST,3435477,3449984,3431455
1078685,THE DORSET AND SOMERSET AIR AMBULANCE CHARITY,3429967,8850976,6382495
700636,ASHGATE HOSPICECARE,3426309,10893294,11080121
1152943,THE ZAHA HADID FOUNDATION,3425785,3501896,205944
1119721,MOTHERS2MOTHERS (UK) LIMITED,3423342,3619368,3396828
1137476,CHURCHILL COLLEGE IN THE UNIVERSITY OF CAMBRIDGE,3419000,22446000,21766000
1122356,CHILDREN'S HIV ASSOCIATION LIMITED,3417291,4190652,254248
1165639,COVENTRY CITY OF CULTURE TRUST,3407782,5410382,4075786
1012743,BLETCHLEY PARK TRUST LIMITED,3404729,6069181,6512855
208701,ACTION MEDICAL RESEARCH,3404410,3599750,4694025
326926,BALLET RAMBERT LIMITED,3402110,5046186,5346929
1139320,MIFAL HACHESED VEHATZEDOKOH,3396929,3396929,3422219
1085951,HELEN & DOUGLAS HOUSE,3396000,9730000,8403000
1177866,PEMBROKE COLLEGE SETTLEMENT,3391756,3701624,691420
1015941,ST GEMMA'S HOSPICE,3391642,11633424,11099910
1053814,ST BARNABAS HOSPICE TRUST (LINCOLNSHIRE),3384289,12827112,12709116
1079501,THE ANGEL FOUNDATION,3380869,3831588,3103427
1143103,LONDON SCHOOL OF ECONOMICS STUDENTS' UNION,3377133,5294128,5560594
1140543,Hourglass (Safer Ageing),3375383,3394677,1149401
1134525,BRIDGEPOINT CHARITABLE TRUST,3371801,3372059,2833718
1176550,New Model Institute for Technology and Engineering,3365615,12137265,5704256
1154230,GIRLS NOT BRIDES: THE GLOBAL PARTNERSHIP TO END CHILD MARRIAGE,3360882,3362142,3514743
1156084,EVERYBODY HEALTH & LEISURE,3359880,17595734,18938451
1112084,KOLYOM TRUST LIMITED,3351713,3459187,3489702
1150651,SMALL STEPS SFP,3350697,3379520,587539
1061726,BREAST CANCER HAVEN,3348766,3800063,3968144
1116751,THE ASFARI FOUNDATION,3340917,3704719,3418482
213422,SCRIPTURE UNION,3326000,4870000,5548000
278823,KAHAL CHASSIDIM BOBOV,3325155,3463703,3452140
221594,THE SOCIETY OF ST COLUMBAN FOR FOREIGN MISSIONS,3324350,3474092,2632059
1132786,SYNCHRONICITY EARTH,3324000,3328000,2965000
1068852,HISTORIC ROYAL PALACES,3321608,101813711,101591300
1119600,MALAWI RELIEF FUND UK,3320924,3320924,3011933
1180690,WALSINGHAM TRUST,3317940,4170998,1976679
1079124,THE WORLD CHILDREN'S FUND,3308527,3309871,3288052
1047912,TY HAFAN,3306634,8506379,9392688
268876,THE YOUNG VIC COMPANY,3305786,6774133,7297817
1131941,THE BRIDGE RENEWAL TRUST,3305694,4908272,1907314
1118804,SAVE THE ELEPHANTS,3304396,3304396,2732720
210807,YORKSHIRE WILDLIFE TRUST,3302599,8724886,8162744
296590,THE GREGGS FOUNDATION,3300360,3888667,3630773
1071363,THE STOWE SCHOOL FOUNDATION,3299698,3604068,561729
1169071,LINCS INSPIRE LIMITED,3297569,9570374,9821822
508470,THE GURU NANAK NISHKAM SEWAK JATHA (BIRMINGHAM) UK,3297336,4429958,2471439
1141446,WOLFSON COLLEGE IN THE UNIVERSITY OF OXFORD,3293000,10414000,7667000
313999,UNITED CHURCH SCHOOLS FOUNDATION LTD,3292000,553383000,460647000
297877,BEN - MOTOR AND ALLIED TRADES BENEVOLENT FUND,3291000,20876000,19707000
1137537,ST HILDA'S COLLEGE IN THE UNIVERSITY OF OXFORD,3289000,10935000,8514000
1014705,WHALE AND DOLPHIN CONSERVATION,3281570,4263100,4090136
1139733,SAINT JOHN BAPTIST COLLEGE IN THE UNIVERSITY OF OXFORD,3280000,27167000,33713000
1043992,THE NATIONAL MEMORIAL ARBORETUM COMPANY LIMITED,3278531,3848932,3782063
1148763,TEACH FOR ALL NETWORK,3277751,3278172,3253888
1135601,Solving Kids' Cancer UK,3277381,3536026,2557610
327899,THE FIDELITY UK FOUNDATION,3275588,9589688,9733256
1002832,WESSEX CHILDREN'S HOSPICE TRUST,3273767,7516015,8300475
